Action,Total Frames,Cancel (FPB),First Hit,Last Hit,Endlag,Time Stop,NoSwap
UMAFDash,30,30,0,0,0,0,0
UFMA1,41,39,2,33,2,0,0
UFMA2,41,39,2,33,2,0,0
UMA1,46,46,20,38,0,0,0
UMA2,50,50,4,42,0,0,0
UMHA,51,49,35,35,2,0,0
MA,53,51,37,37,2,0,0
BA1,34,30,10,26,4,0,0
BA2,39,36,20,20,3,0,0
BA3,55,48,9,41,7,0,0
FHA,135,120,28,107,15,0,120
UBA1,22,20,10,10,2,0,0
UBA2,36,32,14,30,4,0,0
UBA3,76,66,10,65,10,0,0
UBA4,68,58,8,52,10,0,0
UBA5,82,80,17,70,2,0,0
UFHA,150,150,10,132,0,150,0
UFHA_Air,31,31,25,25,0,0,0
UHA,104,100,90,90,4,0,0
UFDash,30,30,0,0,0,0,0
UFBA1,41,39,2,33,2,0,0
UFBA2,41,39,2,33,2,0,0
Ult1,240,240,210,210,0,240,0
Ult2,360,360,270,270,0,360,0
UIntro,65,60,44,44,5,0,60
TB,89,89,30,72,0,90,90
Skill,88,78,12,63,10,0,0
USkill1,42,35,18,34,7,0,0
USkill2,45,36,16,39,9,0,0
Intro,65,60,38,38,5,0,60

Name	Explanation
Total Frames	Total Frames of a skill/attack (counting for hitlag)
Frame Perfect Buffer	The exact frame the game transitions into a new move (doesn't count for hitlag)
Hit Instance/s	How many hits there are in a skill/attack
HitLag	How many frames a hit slows down an animation
Earliest Frame Until Cancel	The earliest frame until you can cancel a move with all hit instance/s hitting (not including Ult Cancel unless specified)
Frames Until Last Hit Instance	The exact frame until the last hit instance collides with the enemy
Endlag	Total Frames - Earliest Frame Until Cancel
EndSkill	The frame wherein the game considers this skill as "over"
Invincible (f)	How many frames a resonator is invincible (cannot be damaged)
NoInterruption (f)	How many frames a resonator is immune to interruption
NoSwap (f)	How many frames a resonator is not able to swap into another resonator
QTE (f)	How many frames a skill is considered an Intro Skill
Dodge (f)	How many frames a skill is considered a Dodge Skill
Time Stop (f)	How many frames time is stopped
Enemy Stop (f)	How many frames enemies are stopped


Character ability shorthand (roughly speaking - use as guidance only)
Ability | Shorthand and example

Prefix/Suffix

1, 2, 3 ...
Place of the attack in the sequence (BA123, BA23, BA2 Skill BA3 ...)

Hold/Heavy*
shorthand H - SkillH, BA3H

Enhanced (general)
E shorthand - EBA123, EIntro

Enhanced through skill
S shorthand - SBA123

Enhanced through forte
F shorthand - FBA123, FHA, FSkill

Enhanced through ult
U shorthand - UBA123, UHA, USkill

Cancel
shorthand (c) - Skill(c), HA(c)

General

Follow up attack
FUA (if anyone has a better one in mind please suggest)

Dash
Dash

Jump
Jump

Swap
Swap

Intro
Intro

Outro
Outro

Basic Attack
BA

Heavy Attack
HA

Skill
Skill

Liberation
Ult

Forte
Forte

Echo
Echo

Mid air Attack
MA